Clave,Carretera,Tramo,Ruta,Logitud,Clasificación
10,Acalpican – Manzanillo ,Acalpican – Manzanillo ,200,325.5,NA
10,Acalpican – Manzanillo ,Acalpican – Tecoman,200,260,B2
10,Acalpican – Manzanillo ,Tecoman – Ent. Tecoman,200,4.5,A4
10,Acalpican – Manzanillo ,Ent. Tecoman – Armería,200,9.5,ET4
10,Acalpican – Manzanillo ,Armería – Manzanillo,200,51.5,C
20,Acámbaro-Celaya,Acámbaro-Celaya,51,66,NA
20,Acámbaro-Celaya,Acámbaro-Salvatierra,51,33,D
20,Acámbaro-Celaya,Salvatierra-Celaya,51,33,A4
30,Acambaro – San José,Acambaro – San José,120,64.4,D
40,Acapulco-Zihuatanejo,Acapulco-Zihuatanejo,200,243.8,NA
40,Acapulco-Zihuatanejo,Acapulco-Zihuatanejo,200,239.8,C
40-L,Libramiento De Técpan (Directo),Libramiento De Técpan (Directo),200D,4,ET2
45,Acatlán De Juárez-Barra De Navidad (Santa Cruz-Melaque),Acatlán De Juárez-Barra De Navidad (Santa Cruz-Melaque),80,248.48,NA
45,Acatlán De Juárez-Barra De Navidad (Santa Cruz-Melaque),Acatlán-Cocula,80,34.9,B4
45,Acatlán De Juárez-Barra De Navidad (Santa Cruz-Melaque),Cocula-Barra De Navidad,80,213.58,C
50,Acatlán De Juárez-Colima (Directo Hasta El Trapiche),Acatlán De Juárez-Colima (Directo Hasta El Trapiche),54D,148,ET4
60,Aguascalientes-Jalpa ,Aguascalientes-Jalpa ,70,91.1,NA
60,Aguascalientes-Jalpa ,Aguascalientes-Calvillo,70,51,B
60,Aguascalientes-Jalpa ,Calvillo-Jalpa,70,40.1,D
70,Aguascalientes-Zacatecas,Aguascalientes-Zacatecas,45,137.98,NA
70,Aguascalientes-Zacatecas,Aguascalientes-Ent. Luis Moya,45,60,ET4
70,Aguascalientes-Zacatecas,Ent. Luis Moya-Ent. Arcinas,45,41.2,C
70,Aguascalientes-Zacatecas,Ent. Arcinas-Ent. Osiris,45,12.6,A4
70,Aguascalientes-Zacatecas,Ent. Osiris-Zacatecas,45,6.68,ET4
70-L,Libramiento Guadalupe,Libramiento Guadalupe,45,17.5,A4
80,Aguascalientes (Ent. Luis Moya)-Zacatecas (Ent. Osiris) (Directo),Aguascalientes (Ent. Luis Moya)-Zacatecas (Ent. Osiris) (Directo),45D,58.11,ET2
85,Álamo-Huejutla De Reyes,Álamo-Huejutla De Reyes,127,94.7,NA
85,Álamo-Huejutla De Reyes,San Fernando-Atlapexco,127,84,D
85-R,Ramal A Chicontepec De Tejeda,Ramal A Chicontepec De Tejeda,127,10.7,D
90,Alazan – Canoas,Alazan – Canoas,127,173.2,C
100,Alpuyeca – Grutas,Alpuyeca – Grutas,166,49.3,D
110,Altamira – Puerto Industrial,Altamira – Puerto Industrial,N/D,8,A4
111, Altar-Sonoyta, Altar-Sonoyta,2,181,NA
111, Altar-Sonoyta, Altar-Caborca,2,28,ET4
111, Altar-Sonoyta,Caborca-Sonoyta,2,153,ET2
115,Altavista-Saucillo,Altavista-Saucillo,45,45.7,D
116,Amozoc-Perote-Libramiento Perote (Directo),Amozoc-Perote-Libramiento Perote (Directo),140D,122.5,NA
116,Amozoc-Perote-Libramiento Perote (Directo),Amozoc-Perote,140D,105,ET2
116-L,Libramiento Perote,Libramiento Perote,PE-10D,17.5,ET2
120,Amozoc – Teziutlan,Amozoc – Teziutlan,129,157.8,D
130,Apizaco-Tejocotal,Apizaco-Tejocotal,119,112.1,NA
130,Apizaco-Tejocotal,Apizaco-Ent. Atotonilco,119,21,C
130,Apizaco-Tejocotal,Ent. Atotonilco-Tejocotal,119,91.1,D
140,Armería-Manzanillo (Directo),Armería-Manzanillo (Directo),200D,61.8,NA
140,Armería-Manzanillo (Directo),Armería-Manzanillo (Directo),200D,42,ET4
140-L,Libramiento Manzanillo (Directo),Libramiento Manzanillo (Directo),200D,19.8,ET2
150,Atlacomulco - Maravatío (Directo),Atlacomulco - Maravatío (Directo),15 D,64.5,ET2
160,Atlacomulco-Morelia,Atlacomulco-Morelia,126,156,NA
160,Atlacomulco-Morelia,Se Deroga,NA,NA,NA
160,Atlacomulco-Morelia,Maravatío-Morelia,126,77,C
170,Atzalan – Tlapacoyan,Atzalan – Tlapacoyan,N/D,32,B2
180,Bermejillo – El Palmito,Bermejillo – El Palmito,30,160,D
190,Brisñas – Sahuayo,Brisñas – Sahuayo,110,30,C
200,Buenavista – Tuxtepec,Buenavista – Tuxtepec,175,121.4,D
210,Cabo San Lucas-La Paz,Cabo San Lucas-La Paz,1,241.5,NA
210,Cabo San Lucas-La Paz,Cabos San Lucas- Ent. Lib. San José Del Cabo (Glorieta Fonatur),1,28.5,ET4
210,Cabo San Lucas-La Paz,Ent. Lib. San José Del Cabo (Glorieta Fonatur)-Ent. Aeropuerto Los Cabos Km. 43  (Paso Por San José Del Cabo),1,12.8,C
210-L,Ent. Aeropuerto Los Cabos-Ent. San Pedro,Ent. Aeropuerto Los Cabos-Ent. San Pedro,1,154,C
210-L,Ent. Aeropuerto Los Cabos-Ent. San Pedro,Ent. San Pedro-La Paz,1,26,ET2
210-L,Ent. Aeropuerto Los Cabos-Ent. San Pedro,Lib. San José Del Cabo,1,20.2,ET2
220,Cadereyta-Allende,Cadereyta-Allende,9,36.2,A2
230,Campeche – Chencolli,Campeche – Chencolli,180,30,D
240,Campeche-Mérida,Campeche-Mérida,180,162.5,ET4
250,Cansahcab – Dzilam De Bravo,Cansahcab – Dzilam De Bravo,178,38,D
260,Carapan-Playa Azul,Carapan-Playa Azul,37,340.7,NA
260,Carapan-Playa Azul,Carapan-Uruapan,37,77,B2
260,Carapan-Playa Azul,Uruapan-Playa Azul,37,263.7,C
270,Carbonera – Ent. (Carr. Ent. Morelos – Saltillo),Carbonera – Ent. (Carr. Ent. Morelos – Saltillo),62,111.1,D
275,Catazajá-Rancho Nuevo (Ent. Tuxtla Gutiérrez-Cd. Cuauhtémoc),Catazajá-Rancho Nuevo (Ent. Tuxtla Gutiérrez-Cd. Cuauhtémoc),199,210,D
280,Celaya-Ojuelos,Celaya-Ojuelos,51,197.9,NA
280,Celaya-Ojuelos,San Miguel De Allende-Ojuelos,51,146,B2
290,Chamapa-La Venta (Directo),Chamapa-La Venta (Directo),57D,15,A4
295,Chamapa-Lechería,Chamapa-Lechería,57,27.3,A4
310,Chencolli – Uman,Chencolli – Uman,261,201.9,D
320,Chihuahua-Cd. Juárez,Chihuahua-Cd. Juárez,NA,324,NA
320,Chihuahua-Cd. Juárez,Se Deroga,NA,NA,NA
320,Chihuahua-Cd. Juárez,Sacramento - El Sueco,45,127,ET4
320,Chihuahua-Cd. Juárez,El Sueco - Villa Ahumada ( Directo ),45 D,87,ET4
320,Chihuahua-Cd. Juárez,Villa Ahumada - Cd. Juárez,45,110,ET4
330,Chihuahua-Madera,Chihuahua-Madera,16,150.8,NA
330,Chihuahua-Madera,Se Deroga,NA,NA,NA
330,Chihuahua-Madera,Cuauhtémoc-La Junta,16,47.3,B4
340,Chihuahua – Ojinaga,Chihuahua – Ojinaga,16,230.7,NA
340,Chihuahua – Ojinaga,Chihuahua – Aldama,16,26.8,B4
340,Chihuahua – Ojinaga,Aldama – Ojinaga ,16,203.9,C
350,Chilpancingo-Acapulco ,Chilpancingo-Acapulco ,95,144.6,NA
350,Chilpancingo-Acapulco ,Chilpancingo-Acapulco,95,123.5,C
350-L,Libramiento Acapulco,Libramiento Acapulco,95,21.1,A2
360,Chilpancingo - Acapulco (Directo),Chilpancingo - Acapulco (Directo),95 D,91,ET4
370,Chilpancingo – Tlapa,Chilpancingo – Tlapa,93,180,D
380,Ciudad Aleman – Sayula,Ciudad Aleman – Sayula,145,136.5,A2
390,Ciudad Altamirano – Ent. (Carr. Zihuatanejo – La Mira),Ciudad Altamirano – Ent. (Carr. Zihuatanejo – La Mira),134,187.6,B2 
400,Ciudad Del Carmen-Campeche,Ciudad Del Carmen-Campeche,180,222.3,NA
400,Ciudad Del Carmen-Campeche,Ciudad Del Carmen – Champotón,180,141.8,ET2
400,Ciudad Del Carmen-Campeche,Champotón – Haltuchén,180,19.3,ET4
400,Ciudad Del Carmen-Campeche,Haltuchén- Campeche,180,35,C
400-L,Libramiento De Campeche,Libramiento De Campeche,180,26.2,ET4
410,Ciudad Guzmán-Colima ,Ciudad Guzmán-Colima ,54,90,NA
410,Ciudad Guzmán-Colima ,Ciudad Guzmán-El Trapiche,54,80,C
410,Ciudad Guzmán-Colima ,El Trapiche-Colima ,54,10,ET
420,Ciudad Insurgentes – Loreto,Ciudad Insurgentes – Loreto,1,120,ET2
425,Ciudad Juarez-El Porvenir,Ciudad Juarez-El Porvenir,2,69.9,D
430,Ciudad Juárez-Janos,Ciudad Juárez-Janos,2,202.5,NA
430,Ciudad Juárez-Janos,Ciudad Juárez-Ent. (Carr. Jerónimo-Santa Teresa),2,20,B2
430,Ciudad Juárez-Janos,Ent. (Carr. Jerónimo-Santa Teresa)-Ascención ,2,151,A2
430,Ciudad Juárez-Janos,Ascención-Janos,2,31.5,B2
440,Ciudad Obregón-Hermosillo,Ciudad Obregón-Hermosillo,15,252,NA
440,Ciudad Obregón-Hermosillo,Ciudad Obregón-Guaymas (Directo Campo Nuevo),15D,134,ET4
440,Ciudad Obregón-Hermosillo,Guaymas-Hermosillo,15,118,ET4
450,Ciudad Valles-Ciudad Victoria,Ciudad Valles-Ciudad Victoria,85,237,NA
450,Ciudad Valles-Ciudad Victoria,Ciudad Valles - Antiguo Morelos,85,67,B2
450,Ciudad Valles-Ciudad Victoria,Antiguo Morelos - Ciudad Mante,85,29,A2
450,Ciudad Valles-Ciudad Victoria,Ciudad Mante – Llera De Canales,85,83,B2
450,Ciudad Valles-Ciudad Victoria,Llera De Canales-Ciudad Victoria,85,58,B2
460,Ciudad Valles-San Luis Potosí,Ciudad Valles-San Luis Potosí,70,262.47,NA
460,Ciudad Valles-San Luis Potosí,Ciudad Valles-La Pitaya,70,12,ET4
460,Ciudad Valles-San Luis Potosí,La Pitaya-Rayón,70,75.47,C
460,Ciudad Valles-San Luis Potosí,Rayón-Río Verde,70,42,ET2
460,Ciudad Valles-San Luis Potosí,Río Verde-San Luis Potosí,70,133,C
460-R1,Ramal A Rayón,Ramal A Rayón,70,1.5,D
460-R2,Ramal A Cárdenas,Ramal A Cárdenas,70,15.8,D
470,Ciudad Valles-Tampico,Ciudad Valles-Tampico,70,138,NA
470,Ciudad Valles-Tampico,Cd. Valles-Tamuín,70,34,B2*
470,Ciudad Valles-Tampico,Tamuín-El Ébano,70,40,A4
470,Ciudad Valles-Tampico,El Ébano-Cacalilao,70,19,B2
470,Ciudad Valles-Tampico,Cacalilao-Perseverancia,70,26,A2
470,Ciudad Valles-Tampico,Perseverancia-Ent. El Prieto,70,9,B2
470,Ciudad Valles-Tampico,Ent. El Prieto-El Moralillo,70,5,A4
470,Ciudad Valles-Tampico,El Moralillo-Límites De Edos Veracruz/Tamaulipas,70,5,B2
480,Ciudad Victoria-Matamoros,Ciudad Victoria-Matamoros,101,309.9,ET2
490,Ciudad Victoria – Monterrey,Ciudad Victoria – Monterrey,85,274,NA
490,Ciudad Victoria – Monterrey,Ciudad Victoria – Linares,85,154,ET2
490,Ciudad Victoria – Monterrey,Linares – Monterrey,85,120,ET4
500,Ciudad Victoria-Ent. Soto La Marina,Ciudad Victoria-Ent. Soto La Marina,101,117,NA
500,Ciudad Victoria-Ent. Soto La Marina,Ciudad Victoria-Casas,101,41,A2
500,Ciudad Victoria-Ent. Soto La Marina,Casas-Ent. Soto La Marina,101,76,D
510,Coatzacoalcos-Salina Cruz,Coatzacoalcos-Salina Cruz,185,300,NA
510,Coatzacoalcos-Salina Cruz,Coatzacoalcos – Acayucan,185,59.6,B2
510,Coatzacoalcos-Salina Cruz,Acayucan-La Ventosa,185,181.4,ET2
510,Coatzacoalcos-Salina Cruz,La Ventosa-Tehuantepec,185,40,C
510,Coatzacoalcos-Salina Cruz,Tehuantepec-Salina Cruz,185,19,B2
510-L,Libramiento De La Ventosa-Salina Cruz (Directo),Libramiento De La Ventosa-Salina Cruz (Directo),185D,75.4,A
520,Coatzacoalcos-Villahermosa,Coatzacoalcos-Villahermosa,180,156.95,NA
520,Coatzacoalcos-Villahermosa,Coatzacoalcos - Nuevo Teapa,180,16.4,B4
520,Coatzacoalcos-Villahermosa,Nuevo Teapa-Ent. La Venta,180,31.5,ET4
520,Coatzacoalcos-Villahermosa,Ent. La Venta-Arroyo Hondo,180,56.66,B2
520,Coatzacoalcos-Villahermosa,Arroyo Hondo – Villahermosa,180,52.39,ET4
530,Colima-Ent. Tecomán,Colima-Ent. Tecomán,180,39.4,ET4
540,Córdoba-Ent. Boticaria,Córdoba-Ent. Boticaria,150,124,NA
540,Córdoba-Ent. Boticaria,Cordoba – Ent. La Tinaja,150,59.8,B2
540,Córdoba-Ent. Boticaria,Ent. La Tinaja – Boca Del Rio,150,56.8,C
540,Córdoba-Ent. Boticaria,Boca De Rio – Boticaria,150,7.4,B4
540-L,Libramiento Veracruz,Libramiento Veracruz,180,32,A4
550,Córdoba-Ent. La Tinaja (Directo),Córdoba-Ent. La Tinaja (Directo),150D,45.1,ET4
560,Las Choapas – Ocozocuautla,Las Choapas – Ocozocuautla,N/D,203,NA
560,Las Choapas – Ocozocuautla,Las Choapas – Raudales,N/D,171,ET2
560,Las Choapas – Ocozocuautla,Raudales – Ocozocuautla,N/D,32,ET2
570,Cuacnopalan-Oaxaca (Directo),Cuacnopalan-Oaxaca (Directo),135D,245.8,NA
570,Cuacnopalan-Oaxaca (Directo),Cuacnopalan - Huitzo ( Directo ),135 D,217,ET2
570,Cuacnopalan-Oaxaca (Directo),Huitzo-Oaxaca (San Pablo Etla),135 D,28.8,ET4
580,Se Deroga,Se Deroga,NA,NA,NA
581,Se Deroga,Se Deroga,NA,NA,NA
590,Cuernavaca-Chilpancingo ,Cuernavaca-Chilpancingo ,95,218.7,NA
590,Cuernavaca-Chilpancingo ,Cuernavaca – Alpuyeca ,95,26,C
590,Cuernavaca-Chilpancingo ,Alpuyeca – Iguala,95,98,D
590,Cuernavaca-Chilpancingo ,Iguala-Ent. (Aut. Cuernavaca-Chilpancingo),95,90,B2
590,Cuernavaca-Chilpancingo ,Ent. (Aut. Cuernavaca-Chilpancingo)-Chilpancingo,95,4.7,ET4
600,Cuernavaca - Chilpancingo (Directo),Cuernavaca - Chilpancingo (Directo),95 D,183.43,ET4
610,Cuernavaca – Cuautlixco,Cuernavaca – Cuautlixco,160,43.2,B4
620,Se Deroga ,Se Deroga ,NA,NA,NA
630,Culiacán-Los Mochis,Culiacán-Los Mochis,15,199.57,NA
630,Culiacán-Los Mochis,Culiacán-Pericos,15,44,A2
630,Culiacán-Los Mochis,Pericos-Guamuchil,15,56,C
630,Culiacán-Los Mochis,Guamuchil-Las Brisas,15,18.8,ET4
630,Culiacán-Los Mochis,Las Brisas - Los Mochis,15,80.77,ET4
635,Delicias (Ent. Autopista Jiménez-Delicias)-Chihuahua,Delicias (Ent. Autopista Jiménez-Delicias)-Chihuahua,45,77,ET4
637,Delicias -Meoqui,Delicias -Meoqui,45,13.5,C
638,Díaz Ordaz-Ent. Sabancuy,Díaz Ordaz-Ent. Sabancuy,259,57.4,D
639,Durango -Mezquital,Durango -Mezquital,40,72.15,D
640,Durango-Yerbanís (Directo),Durango-Yerbanís (Directo),40D,105.3,ET4
650,Durango-Parral,Durango-Parral,45,402.1,NA
650,Durango-Parral,Durango-Guadalupe Aguilera,45,50.5,A2
650,Durango-Parral,Guadalupe Aguilera-Donato Guerra ,45,20,A2
650,Durango-Parral,Donato Guerra-Parral,45,331.6,C
660,Durango-Torreón,Durango-Torreón,40,254,NA
660,Durango-Torreón,Durango Cuencame,40,144.1,C
660,Durango-Torreón,Cuencamé-Ent. Cuencamé Iii,40,13.5,ET2
660,Durango-Torreón,Ent. Cuencame Iii - Torreon,40,96.4,D
670,Durango – Villa Union,Durango – Villa Union,40,294.4,C
675,Durango-Villa Unión (Directo),Durango-Villa Unión (Directo),40D,230,NA
675,Durango-Villa Unión (Directo),Lázaro Cárdenas-Villa Unión,40D,208.4,ET2
675-L,Libramiento De Durango ,Libramiento De Durango ,40D,21.6,ET2
676,E.C. (Catazajá-Rancho Nuevo (Ent. Shupa))-Lagunas De Montebello,E.C. (Catazajá-Rancho Nuevo (Ent. Shupa))-Lagunas De Montebello,307,422,D
677,El Cedral-Playa Del Carmen (Directo),El Cedral-Playa Del Carmen (Directo),305D,54,A2
678,El Paraíso- Atoyac (Ent. Carr. Acapulco-Zihuatanejo),El Paraíso- Atoyac (Ent. Carr. Acapulco-Zihuatanejo),197,52.8,D
680,El Sueco-Janos,El Sueco-Janos,10,257,NA
680,El Sueco-Janos,El Sueco-Flores Magón,10,59,C
680,El Sueco-Janos,Flores Magón-Ent. El Berrendo,10,12,A
680,El Sueco-Janos,Ent. El Berrendo-Buenaventura,10,43,C
680,El Sueco-Janos,Buenaventura-Vado De Sta. María,10,41,C
680,El Sueco-Janos,Vado De Sta. María-Janos,10,102,A
685,El Suspiro-Tenosique Km 10+400-71+900,El Suspiro-Tenosique Km 10+400-71+900,203,71.9,D
690,Ensenada-El Chinero,Ensenada-El Chinero,3,198.6,C
700,Ensenada - Lázaro Cárdenas,Ensenada - Lázaro Cárdenas,1,196,NA
700,Ensenada - Lázaro Cárdenas,Ensenada - Sánchez Taboada,1,16,ET4
700,Ensenada - Lázaro Cárdenas,Sánchez Taboada - Lázaro Cárdenas,NA,180,ET2
705,Ent. Autopista (Guadalajara-Tepic)-Compostela (Directo),Ent. Autopista (Guadalajara-Tepic)-Compostela (Directo),68D,43.5,A2
710,Ent. (Aut. México–Puebla)-Ocotoxco (Directo),Ent. (Aut. México–Puebla)-Ocotoxco (Directo),117D,35,A4
720,Ent. (Carr. Hermosillo-Nogales)-Moctezuma,Ent. (Carr. Hermosillo-Nogales)-Moctezuma,14,166,B2
720,Ent. (Carr. Hermosillo-Nogales)-Moctezuma,Se Deroga,NA,NA,NA
725,Ent. Carretera (Irapuato-La Piedad)-Tepatitlán (Lim. De Edos. Gto./Jal.)/Con Ramal A Las Adjuntas,Ent. Carretera (Irapuato-La Piedad)-Tepatitlán (Lim. De Edos. Gto./Jal.)/Con Ramal A Las Adjuntas,84,75.3,NA
725,Ent. Carretera (Irapuato-La Piedad)-Tepatitlán (Lim. De Edos. Gto./Jal.)/Con Ramal A Las Adjuntas,Ent. Carretera (Irapuato-La Piedad)-Tepatitlán (Lim. De Edos. Gto./Jal.),84,66.7,D
725-R,Ramal Las Adjuntas -Manuel Doblado,Ramal Las Adjuntas -Manuel Doblado,84,8.6,D
730,Ent. Ahualulco-La Bonita,Ent. Ahualulco-La Bonita,63,169.5,NA
730,Ent. Ahualulco-La Bonita,Ent. Ahualulco-Charcas,63,100,D
730,Ent. Ahualulco-La Bonita,Charcas-La Bonita,63,69.5,D
730-R,Ramal Charcas-Ent. Carr. Charcas,Ramal Charcas-Ent. Carr. Charcas,63,9.4,D
745,Se Deroga,Se Deroga,NA,NA,NA
750,Ent. Ameca-Mascota,Ent. Ameca-Mascota,70,169.1,NA
750,Ent. Ameca-Mascota,Ent. Ameca-Ameca,70,51,B4
750,Ent. Ameca-Mascota,Ameca-Mascota,70,118.1,D
755,Se Deroga,Se Deroga,NA,NA,NA
770,Ent. Carr. Cuernavaca-Chilpancingo (Casa Verde)-Filo De Caballos,Ent. Carr. Cuernavaca-Chilpancingo (Casa Verde)-Filo De Caballos,196,53.1,D
770,Ent. Carr. Cuernavaca-Chilpancingo (Casa Verde)-Filo De Caballos,Se Deroga,NA,NA,NA
770,Ent. Carr. Cuernavaca-Chilpancingo (Casa Verde)-Filo De Caballos,Se Deroga,NA,NA,NA
780,Ent. Colonia-Ciudad Valles,Ent. Colonia-Ciudad Valles,85,382.3,NA
780,Ent. Colonia-Ciudad Valles,Ent. Colonia-Portezuelo,85,81,B4
780,Ent. Colonia-Ciudad Valles,Portezuelo-Ciudad Valles,85,301.3,D
790,Ent. Empalme-Guaymas,Ent. Empalme-Guaymas,15,8.3,A2
791,Ent. Huizache-Antiguo Morelos,Ent. Huizache-Antiguo Morelos,80,198.9,C
791-R1,Ramal Al Salto,Ramal Al Salto,80,12,D
791-R2,Ramal Al Estribo ,Ramal Al Estribo ,80,12,D
792,Ent. Jorobas-Tula,Ent. Jorobas-Tula,87,37.9,B4
793,Ent. La Chicharrona-Cuencamé ,Ent. La Chicharrona-Cuencamé ,49,202,NA
793,Ent. La Chicharrona-Cuencamé ,Ent. La Chicharrona-Rancho Grande ,49,60,ET4
793,Ent. La Chicharrona-Cuencamé ,Rancho Grande-Cuencamé,49,142,ET2
794,Ent. La Cuchilla-Torreón,Ent. La Cuchilla-Torreón,30,72.7,NA
794,Ent. La Cuchilla-Torreón,…,NA,NA,NA
794,Ent. La Cuchilla-Torreón,San Pedro De Las Colonias-Torreón,30,54,B4
795,Ent. La Tinaja-Cosoleacaque (Directo),Ent. La Tinaja-Cosoleacaque (Directo),145D,228,ET4
800,Ent. La Tinaja – Santa Cruz,Ent. La Tinaja – Santa Cruz,145,78.6,A2
810,Ent. La Tinaja - Veracruz (Directo),Ent. La Tinaja - Veracruz (Directo),150 D,60,ET4
813,Ent. La Venta – Arroyo Hondo ( Directo ),Ent. La Venta – Arroyo Hondo ( Directo ),180 D,53.27,ET4 (*)
815,Se Deroga,Se Deroga,NA,NA,NA
815,Se Deroga,Se Deroga,NA,NA,NA
815,Se Deroga,Se Deroga,NA,NA,NA
820,Ent. Morelos – Ent. (Carr. Pachuca – Tuxpan),Ent. Morelos – Ent. (Carr. Pachuca – Tuxpan),132,86.08,NA
820,Ent. Morelos – Ent. (Carr. Pachuca – Tuxpan),Ent. Morelos – Pirámides (Directo),132 D,22.7,ET4
820,Ent. Morelos – Ent. (Carr. Pachuca – Tuxpan),Piramides  -  Ent. (Carr. Pachuca – Tuxpan),132,63.38,ET4
840,Ent. Palomas – Parral,Ent. Palomas – Parral,24,184.9,B2 (**)
845,Se Deroga,Se Deroga,NA,NA,NA
847,Ent. San Pedro-Todos Santos-Cabo San Lucas,Ent. San Pedro-Todos Santos-Cabo San Lucas,19,129,ET4
850,Ent. Tula-Ciudad Victoria,Ent. Tula-Ciudad Victoria,101,173.4,NA
850,Ent. Tula-Ciudad Victoria,Ent. Tula-San Antonio,101,134,A2
850,Ent. Tula-Ciudad Victoria,San Antonio-Ciudad Victoria,101,39.4,C
870,Francisco Escarcega – Chetumal,Francisco Escarcega – Chetumal,186,273,ET2
880,Estación González-Llera De Canales,Estación González-Llera De Canales,247,88.6,NA
880,Estación González-Llera De Canales,Estación González – Zaragoza,247,61,ET2
880,Estación González-Llera De Canales,Zaragoza-Llera Canales,247,27.6,B2
890,Estacion – Manuel – Ent. La Coma,Estacion – Manuel – Ent. La Coma,180,232.5,B2
900,Estación Patti-Vistahermosa,Estación Patti-Vistahermosa,110,41.7,A2
905,Francisco Escárcega – Champotón,Francisco Escárcega – Champotón,261,85,A2
910,Fortín-Conejos,Fortín-Conejos,125,107.5,D
920,Fresnillo – Valparaiso,Fresnillo – Valparaiso,44,91.1,D
930,Gómez Palacio-Jiménez,Gómez Palacio-Jiménez,49,235.6,NA
930,Gómez Palacio-Jiménez,Gómez Palacio-Bermejillo,49,38.7,ET4
930,Gómez Palacio-Jiménez,Bermejillo-Jiménez,49,196.9,C
931,Gomez Palacios -Jiménez (Directo) (Ent. Bermejillo -Corralitos),Gomez Palacios -Jiménez (Directo) (Ent. Bermejillo -Corralitos),49D,194,ET4
932,Gómez Palacio-Tlahualilo,Gómez Palacio-Tlahualilo,40,72.9,D
940,Guadalajara-Chapala (Ent. Sta. Rosa),Guadalajara-Chapala (Ent. Sta. Rosa),35,25,B4
945,Guadalajara-Tepic,Guadalajara-Tepic,15,206.53,NA
945,Guadalajara-Tepic,Gudalajara-Ent. Ameca,15,17.7,ET4
945,Guadalajara-Tepic,Ent. Ameca-San Cayetano,15,185.73,D
945,Guadalajara-Tepic,San Cayetano-Tepic,15,3.1,ET2
950,Guadalajara-Tepic (Directo) (Ent. Ameca-San Cayetano),Guadalajara-Tepic (Directo) (Ent. Ameca-San Cayetano),15D,167.3,ET4
960,Guadalajara-Malpaso (Ent. Tesistán-Malpaso),Guadalajara-Malpaso (Ent. Tesistán-Malpaso),23,292.2,NA
960,Guadalajara-Malpaso (Ent. Tesistán-Malpaso),Ent. Tesistán -San Cristóbal De La Barranca,23,47.5,D
960,Guadalajara-Malpaso (Ent. Tesistán-Malpaso),San Cristóbal De La Barranca-Malpaso,23,244.7,B2
970,Guadalajara - Zacatecas,Guadalajara - Zacatecas,54,311.8,B2
980,Guadalupe Aguilera-Guanacevi/Con Ramal A Los Herrera,Guadalupe Aguilera-Guanacevi/Con Ramal A Los Herrera,23,336.5,NA
980,Guadalupe Aguilera-Guanacevi/Con Ramal A Los Herrera,Guadalupe Aguilera-Tepehuanes,23,169,B2
980,Guadalupe Aguilera-Guanacevi/Con Ramal A Los Herrera,Tepehuanes-Guanacevi,23,87.5,D
980-R,Ramal Los Herrera-Joyas Del Yaqui,Ramal Los Herrera-Joyas Del Yaqui,23,80,D
990,Se Deroga,Se Deroga,NA,NA,NA
990,Se Deroga,Se Deroga,NA,NA,NA
1000,Guanajuato - Los Infantes,Guanajuato - Los Infantes,110,NA,NA
1000,Guanajuato - Los Infantes,Santa Teresa – Los Infantes,110,9.23,D
1010,Guanajuato-Silao,Guanajuato-Silao,110,23.1,NA
1010,Guanajuato-Silao,Guanajuato-Marfil,110,6,D
1010,Guanajuato-Silao,Marfil-Silao,110,17.1,D
1015,Haltunchén-Ent. Cayal,Haltunchén-Ent. Cayal,188,74.7,D
1020,Se Deroga,Se Deroga,NA,NA,NA
1025,Haltuchén-Campeche (Directo) (Villa Madero-Ent. Lib. Campeche),Haltuchén-Campeche (Directo) (Villa Madero-Ent. Lib. Campeche),180D,31,ET4
1030,Se Deroga,Se Deroga,NA,NA,NA
1040,Hermosillo-Nogales,Hermosillo-Nogales,15,285.4,NA
1040,Hermosillo-Nogales,Hermosillo-Nogales,15,272.2,ET4
1040-L,Libramiento Magdalena De Kino (Directo),Libramiento Magdalena De Kino (Directo),15,13.2,ET4
1050,Hermosillo – Yepachic,Hermosillo – Yepachic,16,325.6,C
1055,Hidalgo Del Parral-Puerto Sabinal,Hidalgo Del Parral-Puerto Sabinal,24,208.07,D
1060,Huajuapan De León-Oaxaca,Huajuapan De León-Oaxaca,190,190.6,NA
1060,Huajuapan De León-Oaxaca,Huajuapan De León-Nochixtlán,190,90.4,B2
1060,Huajuapan De León-Oaxaca,Nochixtlán-San Francisco Telixtlahuaca,190,71.33,C
1060,Huajuapan De León-Oaxaca,San Francisco Telixtlahuaca-San Pablo Etla,190,12.67,D
1060,Huajuapan De León-Oaxaca,San Pablo Etla-Oaxaca,190,16.2,ET4
1070,Huajumbaro – Zinapecuaro,Huajumbaro – Zinapecuaro,51,34.4,D
1080,Huixtla – Ciudad Cuauhtemoc,Huixtla – Ciudad Cuauhtemoc,211,126,B2
1085,Ignacio Zaragoza-Ent. (Carr. Cd. Victoria-Monterrey) (La Aurora),Ignacio Zaragoza-Ent. (Carr. Cd. Victoria-Monterrey) (La Aurora),83,94.3,ET2
1090,Iguala – Ciudad Altamirano,Iguala – Ciudad Altamirano,51,182.3,B2
1100,Imuris-Agua Prieta,Imuris-Agua Prieta,2,164.7,NA
1100,Imuris-Agua Prieta,Imuris-Ent. Santa Cruz,2,43,A2
1100,Imuris-Agua Prieta,Ent. Santa Cruz-Cananea,2,37,B2
1100,Imuris-Agua Prieta,Cananea-Agua Prieta,2,84.7,A2
1110,Irapuato-Zapotlanejo,Irapuato-Zapotlanejo,90,237.9,NA
1110,Irapuato-Zapotlanejo,Irapuato-Pénjamo,90,51,A4
1110,Irapuato-Zapotlanejo,Pénjamo-La Piedad,90,23.3,A4
1110,Irapuato-Zapotlanejo,La Piedad-Zapotlanejo,90,143.6,B2
1110-L,Libramiento Norte La Piedad (Directo),Libramiento Norte La Piedad (Directo),90D,20,A2
1115,Jalpan De Serra-Río Verde,Jalpan De Serra-Río Verde,69,105.42,D
1120,Janos-Agua Prieta,Janos-Agua Prieta,2,160,NA
1120,Janos-Agua Prieta,Janos-El Valle,2,85,A2
1120,Janos-Agua Prieta,El Valle-El Diablo,2,30,B2
1120,Janos-Agua Prieta,El Diablo-Agua Prieta,2,45,A2
1125,Jerez De García Salinas -(T.C. Ent. Fresnillo-Valparaíso),Jerez De García Salinas -(T.C. Ent. Fresnillo-Valparaíso),23,59.7,D
1130,Jimenez-Delicias (Directo),Jimenez-Delicias (Directo),45D,137,ET4
1130,Jimenez-Delicias (Directo),Se Deroga,NA,NA,NA
1130,Jimenez-Delicias (Directo),Se Deroga ,NA,NA,NA
1150,Jiquilpan-Colima,Jiquilpan-Colima,110,220,C
1160,Jiquilpan – Guadalajara,Jiquilpan – Guadalajara,15,154,NA
1160,Jiquilpan – Guadalajara,Jiquilpan – Acatlán,15,119,B2
1160,Jiquilpan – Guadalajara,Acatlán – Guadalajara,15,35,ET4
1170,Kantunil-Puerto Juárez-(Ent. Carr. Reforma Agraria-Pto. Juárez) (Directo) ,Kantunil-Puerto Juárez-(Ent. Carr. Reforma Agraria-Pto. Juárez) (Directo) ,180D,249,ET4
1180,Se Deroga,Se Deroga,NA,NA,NA
1190,Se Deroga,Se Deroga,NA,NA,NA
1200,La Junta – Yepachic,La Junta – Yepachic,16,134,C
1210,La Noria – Acambaro,La Noria – Acambaro,120,110.5,D
1220,La Paz-Ciudad Insurgentes/Con Ramal A San Carlos,La Paz-Ciudad Insurgentes/Con Ramal A San Carlos,1,294.2,NA
1220,La Paz-Ciudad Insurgentes/Con Ramal A San Carlos,La Paz-Ciudad Insurgentes,1,236.5,ET2
1220-R,Ramal A San Carlos Km 0+000-57+700,Ramal A San Carlos Km 0+000-57+700,1,57.7,D
1225,La Paz-Pichilingue,La Paz-Pichilingue,11,17,B2
1230,La Pera – Cuautla (Directo),La Pera – Cuautla (Directo),160D,34.2,A2
1240,La Piedad – Carapan,La Piedad – Carapan,37,72.6,C
1245,La Trinitaria-Lagunas De Montebello,La Trinitaria-Lagunas De Montebello,307,39.4,D
1250,La Ventosa-Tapanatepec ,La Ventosa-Tapanatepec ,190,91.9,ET2
1260,Lagos De Moreno-Guadalajara/Con Ramal A Yahualica,Lagos De Moreno-Guadalajara/Con Ramal A Yahualica,80,189.86,NA
1260,Lagos De Moreno-Guadalajara/Con Ramal A Yahualica,Lagos De Moreno-El Desperdicio,80,40.16,ET4
1260,Lagos De Moreno-Guadalajara/Con Ramal A Yahualica,El Desperdicio-Zapotlanejo,80,123.9,C
1260,Lagos De Moreno-Guadalajara/Con Ramal A Yahualica,Zapotlanejo-Guadalajara,80,25.8,B4
1260-R,Ramal Yahualica De González Gallo,Ramal Yahualica De González Gallo,N/D,61,D
1262,Lagos De Moreno-Villa De Arriaga (Directo),Lagos De Moreno-Villa De Arriaga (Directo),80D,128,ET2
1265,Las Choapas-Ocozocuautla ,Las Choapas-Ocozocuautla ,187D,203,NA
1265,Las Choapas-Ocozocuautla ,Las Choapas-Raudales ,187D,171,ET2
1265,Las Choapas-Ocozocuautla ,Raudales-Ocozocuautla ,187D,32,ET2
1270,Las Cruces – Arriaga,Las Cruces – Arriaga,N/D,47.3,C
1280,Las Cruces – Pinotepa Nacional,Las Cruces – Pinotepa Nacional,200,252.6,B2
1290,Lazaro Cárdenas – Polyuc,Lazaro Cárdenas – Polyuc,293,100.1,D
1300,Lázaro Cárdenas - Punta Prieta,Lázaro Cárdenas - Punta Prieta,1,280.6,ET2
1310,León-Aguascalientes (Directo) (Hasta Ent. El Salvador),León-Aguascalientes (Directo) (Hasta Ent. El Salvador),45D,104,ET4
1320,León-Aguascalientes,León-Aguascalientes,45,129,NA
1320,León-Aguascalientes,León –Lagos De Moreno,45,44,B
1320,León-Aguascalientes,Lagos De Moreno-Ent. Salvador,45,58,C
1320,León-Aguascalientes,Ent. Salvador-Aguascalientes,45,27,ET4
1330,Se Deroga,Se Deroga,NA,NA,NA
1335,Se Deroga,Se Deroga,NA,NA,NA
1340,Se Deroga,Se Deroga,NA,NA,NA
1350,Se Deroga,Se Deroga,NA,NA,NA
1355,Se Deroga,Se Deroga,NA,NA,NA
1360,Se Deroga,Se Deroga,NA,NA,NA
1370,Se Deroga,Se Deroga,NA,NA,NA
1370,Se Deroga,Se Deroga,NA,NA,NA
1370,Se Deroga,Se Deroga,NA,NA,NA
1380,Se Deroga,Se Deroga,NA,NA,NA
1390,Se Deroga ,Se Deroga ,NA,NA,NA
1400,Se Deroga,Se Deroga,NA,NA,NA
1410,Se Deroga,Se Deroga,NA,NA,NA
1430,Se Deroga,Se Deroga,NA,NA,NA
1440,Linares-Ent. San Roberto,Linares-Ent. San Roberto,58,95.5,D
1440-R1,Matehuala-Ojo De Agua 0+000-3+500,Matehuala-Ojo De Agua 0+000-3+500,58,3.5,D
1440-R2,Matehuala-Ojo De Agua 3+500,Matehuala-Ojo De Agua 3+500,58,2.7,D
1440-R3,Estación Vanegas,Estación Vanegas,58,2.2,D
1450,Loreto - Santa Rosalía,Loreto - Santa Rosalía,1,197,ET2
1460,Los Mochis-Cd. Obregón,Los Mochis-Cd. Obregón,15,223,NA
1460,Los Mochis-Cd. Obregón,Los Mochis-Estación Don,15,69.8,ET4
1460,Los Mochis-Cd. Obregón,Estación Don-Cd. Obregón (Directo),15D,153.2,ET4
1470,Los Reyes-Zacatepec,Los Reyes-Zacatepec,136,173.17,NA
1470,Los Reyes-Zacatepec,Los Reyes-Texcoco,136,24,B4
1470,Los Reyes-Zacatepec,Texcoco-Calpulalpan,136,35.9,ET4
1470,Los Reyes-Zacatepec,Calpulalpan-Ent. Sanctórum,136,10.67,B2
1470,Los Reyes-Zacatepec,Ent. Sanctórum-Apizaco,136,34,ET4
1470,Los Reyes-Zacatepec,Paso Por Hueyotlipan,136,2.7,C
1470,Los Reyes-Zacatepec,Apizaco-Ent. Autopista Amozoc-Perote,136,35,ET4
1470,Los Reyes-Zacatepec,Ent. Autopista Amozoc-Perote-Zacatepec,136,30.9,B2
1480,Se Deroga,Se Deroga,NA,NA,NA
1490,Manuel Doblado-Ent. La Piedad,Manuel Doblado-Ent. La Piedad,37,46.8,D
1500,Manzanillo-Ent. Barra De Navidad,Manzanillo-Ent. Barra De Navidad,200,58.8,B2
1510,Maravatio – Acambaro,Maravatio – Acambaro,61,36,C
1520,Maravatío – Zapotlanejo (Directo),Maravatío – Zapotlanejo (Directo),15 D,310,ET4
1540,Matamoros-Reynosa,Matamoros-Reynosa,2,122.8,NA
1540,Matamoros-Reynosa,Matamoros-Ent. El Capote,2,23,ET2
1540,Matamoros-Reynosa,Ent. El Capote- Río Bravo,2,41,C
1540,Matamoros-Reynosa,Río Bravo-Reynosa,2,27.8,ET4
1540-L,Libramiento Reynosa Sur Ii,Libramiento Reynosa Sur Ii,2D,31,A2
1550,Matehuala-Saltillo (Ent. La Encantada),Matehuala-Saltillo (Ent. La Encantada),57,243.31,NA
1550,Matehuala-Saltillo (Ent. La Encantada),Matehuala-Puerto México,57,202,ET4
1550,Matehuala-Saltillo (Ent. La Encantada),Puerto México — Ent. La Encantada,57,41.31,C
1560,Mazatlán-Culiacán,Mazatlán-Culiacán,15,220.12,NA
1560,Mazatlán-Culiacán,Mazatlán-El Venadillo,15,9,A4
1560,Mazatlán-Culiacán,El Venadillo-Ent. Libramiento Sur De Culiacán,15,205.32,C
1560,Mazatlán-Culiacán,Ent. Libramiento Sur De Culiacán-Culiacán ,15,5.8,A4
1570,Mazatlán-Culiacán (Directo) (El Venadillo-Costa Rica),Mazatlán-Culiacán (Directo) (El Venadillo-Costa Rica),15D,213.4,NA
1570,Mazatlán-Culiacán (Directo) (El Venadillo-Costa Rica),Mazatlán-Culiacán (Directo) (El Venadillo-Costa Rica),15D,182.5,ET4
1570-L1,Libramiento De Culiacán (Directo),Libramiento De Culiacán (Directo),15D,22,ET4
1570-L2,Libramiento Sur De Culiacán,Libramiento Sur De Culiacán,15,8.9,A4
1580,Melaque – Puerto Vallarta,Melaque – Puerto Vallarta,200,202.1,B2
1600,Mérida-Celestum,Mérida-Celestum,281,89.8,D
1610,Mérida – Progreso,Mérida – Progreso,261,34.8,ET4
1615,Mérida-Puerto Juárez,Mérida-Puerto Juárez,180,323.9,NA
1615,Mérida-Puerto Juárez,Mérida-Kantunil,180,67.3,ET4
1615,Mérida-Puerto Juárez,Kantunil-Chichén Itzá,180,54,D
1615,Mérida-Puerto Juárez,Chichén Itzá-Chemax,180,68,A2
1615,Mérida-Puerto Juárez,Chemax-X-Can,180,37,C
1615,Mérida-Puerto Juárez,X-Can-Ent. (Autopista Kantunil-Pto. Juárez),180,77,D
1615,Mérida-Puerto Juárez,Ent. (Autopista Kantunil-Pto. Juarez)-Puerto Juárez,180,20.6,ET4
1616,Mérida-Tekanto,Mérida-Tekanto,N/D,51,D
1620,Mérida-Tizimín,Mérida-Tizimín,178,160,NA
1620,Mérida-Tizimín,Mérida-Motul,178,31,A4
1620,Mérida-Tizimín,Motul-Tizimín,178,129,A2
1630,Mexicali-Tijuana,Mexicali-Tijuana,2,133,NA
1630,Mexicali-Tijuana,Mexicali-Centinela,2,18,A4
1630,Mexicali-Tijuana,La Cuesta (La Rumorosa)-Tijuana,2,115,C
1640,Mexicali-San Felipe,Mexicali-San Felipe,5,190.6,NA
1640,Mexicali-San Felipe,Mexicali-El Faro,5,39,B4
1640,Mexicali-San Felipe,El Faro-El Chinero,5,102,B2
1640,Mexicali-San Felipe,El Chinero-Playa Grande,5,29,A2
1640,Mexicali-San Felipe, Playa Grande-San Felipe,5,20.6,A4
1650,Mexicali-Tijuana (Directo),Mexicali-Tijuana (Directo),2D,181.4,NA
1650,Mexicali-Tijuana (Directo),Ent. Cuernavaca-Centinela (Libramiento De Mexicali Cuota),2D,41.6,ET4
1650,Mexicali-Tijuana (Directo),Centinela-La Rumorosa,2D,42.3,ET4
1650,Mexicali-Tijuana (Directo),La Rumorosa-Tecate,2D,55.5,ET4
1650,Mexicali-Tijuana (Directo),Tecate-Tijuana,2D,42,ET4
1660,México – Cuernavaca,México – Cuernavaca,95,52.6,C
1670,México - Cuernavaca (Directo),México - Cuernavaca (Directo),95 D,61.5,ET4
1680,México (Ent. Constituyentes)-Toluca (Lerma),México (Ent. Constituyentes)-Toluca (Lerma),15,29.7,NA
1680,México (Ent. Constituyentes)-Toluca (Lerma),México (Ent. Constituyentes)-La Marquesa,15,12,C
1680,México (Ent. Constituyentes)-Toluca (Lerma),La Marquesa-Toluca,15,17.7,ET4
1690,México (Ecatepec)-Ent. Tizayuca (Directo),México (Ecatepec)-Ent. Tizayuca (Directo),85D,45.84,NA
1690,México (Ecatepec)-Ent. Tizayuca (Directo),México (Ecatepec)-Ent. Morelos,85D,12,ET4
1690,México (Ecatepec)-Ent. Tizayuca (Directo),Ent. Morelos-Ent. Tizayuca,85D,33.84,A4
1700,México-Puebla,México-Puebla,150,117.4,NA
1700,México-Puebla,Mexico – Santa Barabra,150,14.3,B4
1700,México-Puebla,Santa Barbara – San Martin Texmelucan,150,61.9,D
1700,México-Puebla,San Martin Texmelucan - Cholula,150,29.2,C
1700,México-Puebla,Cholula-Puebla,150,12,B4
1710,México - Puebla (Directo),México - Puebla (Directo),150 D,111,ET4
1720,México-Querétaro (Directo),México-Querétaro (Directo),57D,259.9,NA
1720,México-Querétaro (Directo),México-Querétaro (Directo),57D,175.5,ET4
1720-L1,Libramiento Noreste Querétaro (Directo),Libramiento Noreste Querétaro (Directo),57D,37.5,ET4
1720-L2,Libramiento Surponiente De Querétaro,Libramiento Surponiente De Querétaro,N/D,46.9,A4
1730,México-Pachuca ,México-Pachuca ,85,89.6,NA
1730,México-Pachuca ,México- Izcalli Jardines,85,25.5,ET4
1730,México-Pachuca ,Izcalli Jardines- Tizayuca,85,39.6,C
1730,México-Pachuca ,Tizayuca-Pachuca,85,24.5,ET4
1740,México (Ent. Constituyentes)-La Marquesa (Directo),México (Ent. Constituyentes)-La Marquesa (Directo),15D,22.2,ET4
1740,México (Ent. Constituyentes)-La Marquesa (Directo),Se Deroga ,NA,NA,NA
1740,México (Ent. Constituyentes)-La Marquesa (Directo),Se Deroga ,NA,NA,NA
1750,Moctezuma – Agua Prieta,Moctezuma – Agua Prieta,17,198,B2
1760,Monclova-Piedras Negras,Monclova-Piedras Negras,57,265.35,NA
1760,Monclova-Piedras Negras,Monclova-Nueva Rosita,57,127,ET4
1760,Monclova-Piedras Negras,Nueva Rosita-Allende,57,60.5,C
1760,Monclova-Piedras Negras,Allende-Morelos,57,8,A
1760,Monclova-Piedras Negras,Morelos-Nava,57,12,B
1760,Monclova-Piedras Negras,Nava-Piedras Negras,57,40.3,ET4
1760-L,Libramiento Allende-Nava,Libramiento Allende-Nava,57,17.55,ET4
1770,Monclova-San Pedro De Las Colonias,Monclova-San Pedro De Las Colonias,30,261.62,NA
1770,Monclova-San Pedro De Las Colonias,Monclova –Cuatro Ciénegas,30,77.92,B4
1770,Monclova-San Pedro De Las Colonias,Cuatro Ciénegas-San Pedro De Las Colonias,30,183.7,B2
1780,Montemorelos-China,Montemorelos-China,48,86.7,NA
1780,Montemorelos-China,Montemorelos-General Terán,48,16.7,B2
1780,Montemorelos-China,General Terán-China,48,70,A
1790,Monterrey-Castaños Ent. (Carr. Monterrey-Nuevo Laredo)-Ent. (Carr. Saltillo-Monclova),Monterrey-Castaños Ent. (Carr. Monterrey-Nuevo Laredo)-Ent. (Carr. Saltillo-Monclova),53,172,A2
1790,Monterrey-Castaños Ent. (Carr. Monterrey-Nuevo Laredo)-Ent. (Carr. Saltillo-Monclova),Se Deroga,NA,NA,NA
1790,Monterrey-Castaños Ent. (Carr. Monterrey-Nuevo Laredo)-Ent. (Carr. Saltillo-Monclova),Se Deroga,NA,NA,NA
1800,Monterrey-Ciudad Mier,Monterrey-Ciudad Mier,54,155.6,NA
1800,Monterrey-Ciudad Mier,Monterrey-Ent. Pesquería,54,28.6,A
1800,Monterrey-Ciudad Mier,Ent. Pesquería-Ciudad Mier,54,127,C
1810,Monterrey-Nuevo Laredo,Monterrey-Nuevo Laredo,85,212.84,NA
1810,Monterrey-Nuevo Laredo,Monterrey-Ent. Ciénega De Flores,85,22.74,ET4
1810,Monterrey-Nuevo Laredo,Ent. Ciénega De Flores-La Gloria,85,132.67,B
1810,Monterrey-Nuevo Laredo,La Gloria-Nuevo Laredo,85,57.43,ET4
1820,Monterrey-Nuevo Laredo (Directo) (Ent. Ciénega De Flores-La Gloria),Monterrey-Nuevo Laredo (Directo) (Ent. Ciénega De Flores-La Gloria),85D,123,ET4
1820,Monterrey-Nuevo Laredo (Directo) (Ent. Ciénega De Flores-La Gloria),Se Deroga,NA,NA,NA
1820,Monterrey-Nuevo Laredo (Directo) (Ent. Ciénega De Flores-La Gloria),Se Deroga,NA,NA,NA
1820,Monterrey-Nuevo Laredo (Directo) (Ent. Ciénega De Flores-La Gloria),Se Deroga,NA,NA,NA
1830,Monterrey-Reynosa,Monterrey-Reynosa,40,224.9,NA
1830,Monterrey-Reynosa,Monterrey-Cadereyta,40,30.2,B4
1830,Monterrey-Reynosa,Cadereyta-China,40,69,B2
1830,Monterrey-Reynosa,China-Ent. La Sierrita,40,67.7,C
1830,Monterrey-Reynosa,Ent. La Sierrita-Reynosa,40,58,ET4
1840,Monterrey-Reynosa (Directo) Cadereyta-Ent. La Sierrita,Monterrey-Reynosa (Directo) Cadereyta-Ent. La Sierrita,40D,132,ET4
1840,Monterrey-Reynosa (Directo) Cadereyta-Ent. La Sierrita,Se Deroga,NA,NA,NA
1840,Monterrey-Reynosa (Directo) Cadereyta-Ent. La Sierrita,Se Deroga,NA,NA,NA
1850,Morelia-Jiquilpan,Morelia-Jiquilpan,15,206,C
1860,Morelia-Pátzcuaro,Morelia-Pátzcuaro,14,51,ET4
1870,Morelia-Salamanca,Morelia-Salamanca,43,109.6,NA
1870,Morelia-Salamanca,Morelia -  Ent. (Carr. Maravatio Zapotlanejo),43,23,ET4
1870,Morelia-Salamanca,Ent. (Carr. Maravatío - Zapotlanejo) – Salamanca),43,86.6,B2
1875,Morelia-Salamanca (Directo) (Ent. Km. 25+650 De La Carret. Libre Morelia-Salamanca)-Salamanca ,Morelia-Salamanca (Directo) (Ent. Km. 25+650 De La Carret. Libre Morelia-Salamanca)-Salamanca ,43D,83,ET2
1880,Morelos-Ciudad Acuña,Morelos-Ciudad Acuña,29,100,A2
1910,Naucalpan - Toluca,Naucalpan - Toluca,134,56,C
1920,Nuevo Laredo-Ent. (Carr. Monclova-Piedras Negras),Nuevo Laredo-Ent. (Carr. Monclova-Piedras Negras),2,175,NA
1920,Nuevo Laredo-Ent. (Carr. Monclova-Piedras Negras),Nuevo Laredo-Ent. Colombia,2,35,A4
1920,Nuevo Laredo-Ent. (Carr. Monclova-Piedras Negras),Ent. Colombia-Ent. (Carr. Monclova-Piedras Negras),2,140,B2
1930,Nuevo Teapa-Cosoleacaque (Directo).,Nuevo Teapa-Cosoleacaque (Directo).,180D,34,ET4
1940,Oaxaca-Puerto Ángel,Oaxaca-Puerto Ángel,175,246,NA
1940,Oaxaca-Puerto Ángel,Oaxaca-Tilcajete,175,23,B4
1940,Oaxaca-Puerto Ángel,Tilcajete-Puerto Ángel,175,223,B2
1950,Oaxaca – Tehuantepec,Oaxaca – Tehuantepec,190,250.2,B2
1960,Ocozocoautla-Arriaga (Directo),Ocozocoautla-Arriaga (Directo),200D,114,ET2
1970,Ocozocuautla-Tuxtla Gutiérrez (Alt. Por Berriozábal),Ocozocuautla-Tuxtla Gutiérrez (Alt. Por Berriozábal),190,24.3,C
1975,Ojo Caliente –Santa Cruz,Ojo Caliente –Santa Cruz,57,34,ET2
1980,Ojuelos – Aguascalientes,Ojuelos – Aguascalientes,70,78.6,B2
1985,Pachuca-Calpulalpan,Pachuca-Calpulalpan,88,70,NA
1985,Pachuca-Calpulalpan,Pachuca-Cd. Sahagún,88,45,B4
1985,Pachuca-Calpulalpan,Cd. Sahagún-Ent. Emiliano Zapata,88,14,B4
1985,Pachuca-Calpulalpan,Ent. Emiliano Zapata-Calpulalpan,88,11,B2
1990,Pachuca – Tempoal,Pachuca – Tempoal,105,260.8,D
2000,Pachuca-Tuxpam,Pachuca-Tuxpam,130,251.5,NA
2000,Pachuca-Tuxpam,Pachuca-Ent. Lib. Tulancingo,130,50,A4
2000,Pachuca-Tuxpam,Ent. Lib. Tulancingo-Cañada Rica,130,184,C
2000,Pachuca-Tuxpam,Cañada Rica-Tuxpam,130,17.5,ET4
2020,Parral-Jiménez,Parral-Jiménez,45,76.5,A4
2030,Paso Del Toro – Acayucan,Paso Del Toro – Acayucan,180,227.8,C
2035,Pátzcuaro – Uruapan,Pátzcuaro – Uruapan,14,62,C
2036,Pátzcuaro-Uruapan ( Directo ),Pátzcuaro-Uruapan ( Directo ),37D,57.3,ET2
2040,Pedriceña-El Rodeo,Pedriceña-El Rodeo,34,98.6,D
2045,Perote-Banderilla-Libramiento De Xalapa (Directo),Perote-Banderilla-Libramiento De Xalapa (Directo),140D,59,NA
2045,Perote-Banderilla-Libramiento De Xalapa (Directo),Perote-Banderilla,140D,31,ET4
2045-L, Libramiento De Xalapa , Libramiento De Xalapa ,JA-10D,28,ET4
2050,Piedras Negras-Ent.(Carr. Morelos-Ciudad Acuña),Piedras Negras-Ent.(Carr. Morelos-Ciudad Acuña),2,83,NA
2050,Piedras Negras-Ent.(Carr. Morelos-Ciudad Acuña),Piedras Negras-Jiménez,2,45,A4
2050,Piedras Negras-Ent.(Carr. Morelos-Ciudad Acuña), Jiménez-Ciudad Acuña,2,38,A2
2055,Piggy Back- Costa Rica (Directo) Piggy Back-Ent. Libramiento De Culiacán,Piggy Back- Costa Rica (Directo) Piggy Back-Ent. Libramiento De Culiacán,15D,17,A4
2060,Pinotepa Nacional – Salina Cruz,Pinotepa Nacional – Salina Cruz,200,393.4,B2
2065,Plan De Guadalupe-Tuxtepec Km 20+000 Al 185+000,Plan De Guadalupe-Tuxtepec Km 20+000 Al 185+000,182,165,D
2070,Portezuelo - Palmillas,Portezuelo - Palmillas,45,80,B2
2080,Poza Rica – Veracruz,Poza Rica – Veracruz,180,245.2,NA
2080,Poza Rica – Veracruz,Poza Rica – Cardel,180,214.7,ET2
2080,Poza Rica – Veracruz,Cardel - Veracruz ( Directo ),180 D,30.5,ET4
2090,Se Deroga,Se Deroga,NA,NA,NA
2100,Puebla - Córdoba (Directo),Puebla - Córdoba (Directo),150 D,173.3,ET4
2110,Puebla-Huajuapan De León,Puebla-Huajuapan De León,190,219.9,NA
2110,Puebla-Huajuapan De León,Puebla-Atlixco,190,31,C
2110,Puebla-Huajuapan De León,Atlixco-Izúcar De Matamoros ,190,36,A4
2110,Puebla-Huajuapan De León,Izúcar De Matamoros-Huajuapan De León,190,152.9,B2
2120,Puebla (Ent. Carr. Puebla-Tlaxcala)-Santa Ana Chiautempan,Puebla (Ent. Carr. Puebla-Tlaxcala)-Santa Ana Chiautempan,121,29.2,A4
2130,Puebla-Tehuacán,Puebla-Tehuacán,150,119,NA
2130,Puebla-Tehuacán,Puebla-Tepeaca,150,37.5,C
2130,Puebla-Tehuacán,Tepeaca-Ent. Aut. (Cuacnopalan-Oaxaca),150,74.5,D
2130,Puebla-Tehuacán,Ent. Aut. (Cuacnopalan-Oaxaca)-Tehuacán,150,7,C
2140,Puebla - Tlaxcala,Puebla - Tlaxcala,119,33.2,C
2150,Puente De Ixtla-Iguala (Directo),Puente De Ixtla-Iguala (Directo),95D,59.5,A2
2151,Puertecitos-Laguna Chapala (Hasta Papá Fernández),Puertecitos-Laguna Chapala (Hasta Papá Fernández),5,95,C
2152,Puerto México-Ojo Caliente (Directo),Puerto México-Ojo Caliente (Directo),57D,51,ET4
2160,Punta Prieta-Bahía De Los Ángeles Km 0+000-66+600,Punta Prieta-Bahía De Los Ángeles Km 0+000-66+600,12,66.6,D
2165,Punta Prieta-Paralelo 28,Punta Prieta-Paralelo 28,1,127.6,ET2
2170,Querétaro – Irapuato (Directo),Querétaro – Irapuato (Directo),45 D,104.7,ET4
2180,Querétaro-León ,Querétaro-León ,45,182.7,NA
2180,Querétaro-León ,Querétaro-Salamanca,45,93.8,B4
2180,Querétaro-León ,Salamanca-Irapuato,45,19.9,A4
2180,Querétaro-León ,Irapuato – León,45,69,ET4
2190,Querétaro-San Luis Potosí,Querétaro-San Luis Potosí,57,235.4,NA
2190,Querétaro-San Luis Potosí,Querétaro-San Luis Potosí,57,201.8,ET4
2190-L,Libramiento Oriente San Luis Potosí (Directo),Libramiento Oriente San Luis Potosí (Directo),57D,33.6,ET4
2190-R,Ramal A Tierra Nueva,Ramal A Tierra Nueva,57,13.1,D
2200,Quiroga-Tepalcatepec,Quiroga-Tepalcatepec,120,268.2,NA
2200,Quiroga-Tepalcatepec,Quiroga-Cuatro Caminos (Nueva Italia),120,168,C
2200,Quiroga-Tepalcatepec,Cuatro Caminos (Nueva Italia) -Apatzingán,120,31.7,A4
2200,Quiroga-Tepalcatepec,Apatzingán-Tepalcatepec,120,68.5,C
2210,Se Deroga,Se Deroga,NA,NA,NA
2215,Se Deroga,Se Deroga,NA,NA,NA
2220,Rancho Viejo-Taxco (Directo),Rancho Viejo-Taxco (Directo),95D,8.34,A2
2230,Raudales De Malpaso-El Bellote,Raudales De Malpaso-El Bellote,187,185.5,NA
2230,Raudales De Malpaso-El Bellote,Raudales De Malpaso-Francisco J. Santa María,187,69,D
2230,Raudales De Malpaso-El Bellote,Francisco J. Santa María-Heróica Cárdenas,187,51.7,B2
2230,Raudales De Malpaso-El Bellote,Heróica Cárdenas-Comalcalco,187,38.4,B2
2230,Raudales De Malpaso-El Bellote,Comalcalco-Paraíso,187,22,B4
2230,Raudales De Malpaso-El Bellote,Paraíso-El Bellote,187,4.4,B2
2235,Rayón-Cd. Valles (Hasta Ent. La Pitaya) (Directo),Rayón-Cd. Valles (Hasta Ent. La Pitaya) (Directo),70D,68.58,ET2
2240,Reforma Agraria-Puerto Juárez,Reforma Agraria-Puerto Juárez,307,358.4,NA
2240,Reforma Agraria-Puerto Juárez,Reforma Agraria-Tulum,307,227,ET2
2240,Reforma Agraria-Puerto Juárez,Tulum-Puerto Juárez,307,131.4,ET4
2245,Reyes Mantecón-Sola De Vega Km 4+000 Al 78+400,Reyes Mantecón-Sola De Vega Km 4+000 Al 78+400,175,74.4,D
2250,Reynosa-Ent. (Carr. Monterrey-Nuevo Laredo),Reynosa-Ent. (Carr. Monterrey-Nuevo Laredo),2,221.1,NA
2250,Reynosa-Ent. (Carr. Monterrey-Nuevo Laredo),Reynosa-Nva. Ciudad Guerrero,2,122,A2
2250,Reynosa-Ent. (Carr. Monterrey-Nuevo Laredo),Nva. Ciudad Guerrero-Ent. (Carr. Monterrey-Nuevo Laredo),2,99.1,B2
2252,Rinconada-La Piedad,Rinconada-La Piedad,15,46.4,NA
2252,Rinconada-La Piedad,Rinconada-Ecuandureo,15,19.5,D
2252,Rinconada-La Piedad,Ecuandureo-La Piedad,15,26.9,D
2255,Saltillo-Ent. La Carbonera,Saltillo-Ent. La Carbonera,57,24,NA
2255,Saltillo-Ent. La Carbonera,Saltillo-Arteaga,57,20,A4
2255,Saltillo-Ent. La Carbonera,Arteaga-Ent. La Carbonera,57,4,A2
2260,Saltillo-Monclova ,Saltillo-Monclova ,57,190,NA
2260,Saltillo-Monclova ,Saltillo-Santa Cruz,57,42.8,C
2260,Saltillo-Monclova ,Santa Cruz-Gloria,57,116.2,ET2
2260,Saltillo-Monclova ,Gloria-Monclova,57,31,ET4
2270,Saltillo-Monterrey,Saltillo-Monterrey,40,79.2,NA
2270,Saltillo-Monterrey,Saltillo- Ojo Caliente,40,26.3,ET4
2270,Saltillo-Monterrey,Ojo Caliente-Monterrey,40,52.9,B4
2270-L,Libramiento Noroeste De Monterrey Ent. (Carr. Saltillo-Monterrey)-Ent. (Carr. Monterrey-Nuevo Laredo),Libramiento Noroeste De Monterrey Ent. (Carr. Saltillo-Monterrey)-Ent. (Carr. Monterrey-Nuevo Laredo),38,34.5,A4
2275,Saltillo-Monterrey (Directo),Saltillo-Monterrey (Directo),40D,50.3,ET4
2280,Saltillo-Torreón,Saltillo-Torreón,40,375.43,NA
2280,Saltillo-Torreón,Saltillo- Ent. Puebla,40,33.6,ET4
2280,Saltillo-Torreón,Ent. Puebla-La Esperanza,40,82.9,D
2280,Saltillo-Torreón,La Esperanza-Ent. La Cuchilla,40,86.7,ET4
2280,Saltillo-Torreón,Ent. La Cuchilla-Emiliano Zapata,40,18,A2
2280,Saltillo-Torreón,Emiliano Zapata-Matamoros,40,30,D
2280,Saltillo-Torreón,Matamoros-Torreón,40,38.2,ET4
2280-L1,Libramiento Norte De La Laguna ,Libramiento Norte De La Laguna ,N/D,40.73,ET2
2280-L2,Libramiento Norponiente De Saltillo (Directo),Libramiento Norponiente De Saltillo (Directo),S30,45.3,ET2
2285,Saltillo-Torreón (Directo),Saltillo-Torreón (Directo),40D,110,NA
2285,Saltillo-Torreón (Directo),Ent. Puebla-La Esperanza,40D,75,ET4
2285,Saltillo-Torreón (Directo),La Cuchilla-Matamoros,40D,35,ET4
2300,Salvatierra-Ent. Yuriria,Salvatierra-Ent. Yuriria,51,29.9,B2
2305,San Felipe-Cerro Gordo,San Felipe-Cerro Gordo,37,74.6,B2
2310,San Felipe-Puertecitos,San Felipe-Puertecitos,5,75.5,D
2315,San Hipólito-Xalapa,San Hipólito-Xalapa,140,156.8,C
2330,San Juan Del Río-Xilitla,San Juan Del Río-Xilitla,120,266.4,NA
2330,San Juan Del Río-Xilitla,San Juan Del Río-Ezequiel Montes,120,37,B4
2330,San Juan Del Río-Xilitla,Ezequiel Montes-Xilitla,120,229.4,D
2340,San Luis De La Paz – Guanajuato,San Luis De La Paz – Guanajuato,110,108.9,D
2350,San Luis Potosí-Ent. Arcinas,San Luis Potosí-Ent. Arcinas,49,163,NA
2350,San Luis Potosí-Ent. Arcinas,San Luis Potosí-Ent. 1 Lib. De Mexquitic,49,20,A4
2350,San Luis Potosí-Ent. Arcinas,Ent. 1 Lib. De Mexquitic-Ent. 2 Lib. De Mexquitic,49,5.3,B2
2350,San Luis Potosí-Ent. Arcinas,Ent. 2 Lib. De Mexquitic-Ent. Arcinas,49,137.7,A4
2350-L,Libramiento De Mexquitic,Libramiento De Mexquitic,49,5,A4
2360,San Luis Potosí-Lagos De Moreno,San Luis Potosí-Lagos De Moreno,80,152.6,C
2370,San Luis Potosí-Matehuala,San Luis Potosí-Matehuala,NA,223.8,NA
2370,San Luis Potosí-Matehuala,San Luis Potosí-Matehuala,57,192.8,ET4
2370-L,Libramiento Norte San Luis Potosí (Directo),Libramiento Norte San Luis Potosí (Directo),57D,31,A2
2380,San Luis Río Colorado-Mexicali,San Luis Río Colorado-Mexicali,2,61.8,ET4
2390,San Martín Texmelucan-Tlaxcala,San Martín Texmelucan-Tlaxcala,117,24.8,D
2405,San Salvador El Seco-Azumbilla,San Salvador El Seco-Azumbilla,144,73.67,NA
2405,San Salvador El Seco-Azumbilla,San Salvador El Seco-Cd. Serdán,144,29,D
2405,San Salvador El Seco-Azumbilla,Cd. Serdán-Ent. La Esperanza,144,16,B2
2405,San Salvador El Seco-Azumbilla,Ent. La Esperanza-Azumbilla,144,28.67,D
2410,Santa Ana-Altar (Directo),Santa Ana-Altar (Directo),2D,73,ET4
2430,Santa Bárbara-Izúcar De Matamoros,Santa Bárbara-Izúcar De Matamoros,115 y 160,157.7,NA
2430,Santa Bárbara-Izúcar De Matamoros,Santa Bárbara-Amecameca,115,30,B4
2430,Santa Bárbara-Izúcar De Matamoros,Amecameca-Ent. La Alborada,115,21.6,C
2430,Santa Bárbara-Izúcar De Matamoros,Ent. La Alborada-Cuautla,115,17.3,B4
2430,Santa Bárbara-Izúcar De Matamoros,Cuautla-Jantetelco,160,21.8,ET4
2430,Santa Bárbara-Izúcar De Matamoros,Jantetelco- Izúcar De Matamoros,160,43,B2
2430-L,Libramiento Amecameca-La Alborada,Libramiento Amecameca-La Alborada,115D,24,A2
2440,Se Deroga,Se Deroga,NA,NA,NA
2445,Santa Rosa-La Barca,Santa Rosa-La Barca,35,79,NA
2445,Santa Rosa-La Barca,Santa Rosa-Ocotlán,35,50,A4
2445,Santa Rosa-La Barca,Ocotlán-La Barca,35,29,B2
2450,Santa Rosalía - Paralelo 28,Santa Rosalía - Paralelo 28,1,221,ET2
2460,Se Deroga,Se Deroga,NA,NA,NA
2470,Sonoyta-Puerto Peñasco,Sonoyta-Puerto Peñasco,8,100.4,A2
2480,Sonoita - San Luis Río Colorado,Sonoita - San Luis Río Colorado,2,201,ET2
2482,T.C. Oaxaca-Tehuantepec (Mitla)-San Pedro Y San Pablo Ayutla Km 0+000 Al 122+000,T.C. Oaxaca-Tehuantepec (Mitla)-San Pedro Y San Pablo Ayutla Km 0+000 Al 122+000,179,122,D
2485,Tanque Blanco (Ent. Carr. Querétaro-San Luis Potosí)-San Miguel De Allende/Con Ramal A Los Rodríguez,Tanque Blanco (Ent. Carr. Querétaro-San Luis Potosí)-San Miguel De Allende/Con Ramal A Los Rodríguez,57,64.79,NA
2485,Tanque Blanco (Ent. Carr. Querétaro-San Luis Potosí)-San Miguel De Allende/Con Ramal A Los Rodríguez,Tanque Blanco (Ent. Carr. Querétaro-San Luis Potosí)-San Miguel De Allende,57,31.29,B3
2485-R,Ramal A Los Rodríguez,Ramal A Los Rodríguez,57,33.5,D
2490,Tamarindo-Cardel,Tamarindo-Cardel,180,15,B4
2500,Tampico-Ciudad Mante,Tampico-Ciudad Mante,80,189.5,NA
2500,Tampico-Ciudad Mante,Tampico-Estación Manuel,80,74,ET4
2500,Tampico-Ciudad Mante,Estación Manuel-Estación González,80,20,C
2500,Tampico-Ciudad Mante,Estación González - Ciudad   Mante,80,59,A2
2500-L1,Libramiento Estación Manuel-González,Libramiento Estación Manuel-González,85,22,ET2
2500-L2,Libramiento Poniente Tampico (Directo),Libramiento Poniente Tampico (Directo),80D,14.5,ET2
2520,Tapachula-Puerto Madero-Cd. Hidalgo,Tapachula-Puerto Madero-Cd. Hidalgo,225,68.9,NA
2520,Tapachula-Puerto Madero-Cd. Hidalgo,Tapachula-Ent. Jaritas,225,17,A4
2520,Tapachula-Puerto Madero-Cd. Hidalgo,Ent. Jaritas-Puerto Madero,225,11.4,A2
2520,Tapachula-Puerto Madero-Cd. Hidalgo,Ent. Jaritas-Cd. Hidalgo,225,40.5,D
2530,Tapanatepec-Talismán/Con Ramales A Unión Juárez Y Cd. Hidalgo,Tapanatepec-Talismán/Con Ramales A Unión Juárez Y Cd. Hidalgo,200,366.37,NA
2530,Tapanatepec-Talismán/Con Ramales A Unión Juárez Y Cd. Hidalgo,Tapanatepec-Arriaga,200,45,ET2
2530,Tapanatepec-Talismán/Con Ramales A Unión Juárez Y Cd. Hidalgo,Arriaga-Tapachula,200,247.25,ET4
2530,Tapanatepec-Talismán/Con Ramales A Unión Juárez Y Cd. Hidalgo,Tapachula- Ent. Cd. Hidalgo,200,13.32,ET2
2530,Tapanatepec-Talismán/Con Ramales A Unión Juárez Y Cd. Hidalgo,Ent. Cd. Hidalgo-Talismán,200,5.2,A2
2530-R1,Ramal A Unión Juarez,Ramal A Unión Juarez,200,28.6,D
2530-R2,Ramal A Cd. Hidalgo,Ramal A Cd. Hidalgo,200,27,ET2
2540,Tapanatepec-Tuxtla Gutiérrez,Tapanatepec-Tuxtla Gutiérrez,190,160,NA
2540,Tapanatepec-Tuxtla Gutiérrez,Tapanatepec-Ocozocuatla,190,123,C
2540,Tapanatepec-Tuxtla Gutiérrez,Ocozocuatla-Tuxtla Gutiérrez,190,37,B4
2545,Tecate-El Sauzal,Tecate-El Sauzal,3,100.3,D
2550,Tehuacán-Córdoba ,Tehuacán-Córdoba ,150,84.4,NA
2550,Tehuacán-Córdoba ,Tehuacan - Orizaba,150,63.5,D
2550,Tehuacán-Córdoba ,Orizaba-Fortín,150,16.7,C
2550,Tehuacán-Córdoba ,Fortin - Cordoba,150,4.2,D
2560,Tehuacan – Huajuapan De León,Tehuacan – Huajuapan De León,125,119.3,C
2570,Tehuacán-San Francisco Telixtlahuaca,Tehuacán-San Francisco Telixtlahuaca,135,203.11,NA
2570,Tehuacán-San Francisco Telixtlahuaca,Se Deroga,NA,NA,NA
2570,Tehuacán-San Francisco Telixtlahuaca,Teotitlán-San Francisco Telixtlahuaca,135,141.81,C
2575,Tenosique-El Ceibo,Tenosique-El Ceibo,203,56,D
2585,Tepic (Ent. Carr. Tepic-Mazatlán) -Villa Unión (Directo),Tepic (Ent. Carr. Tepic-Mazatlán) -Villa Unión (Directo),15D,276.83,NA
2585,Tepic (Ent. Carr. Tepic-Mazatlán) -Villa Unión (Directo),Tepic (Ent. Carr. Tepic-Mazatlán) -Villa Unión (Directo),15D,238.83,ET2
2585-L,Libramiento De Mazatlán (Directo),Libramiento De Mazatlán (Directo),15D,38,ET4
2590,Tepic-Mazatlán,Tepic-Mazatlán,15,297.4,NA
2590,Tepic-Mazatlán,Tepic-Lo De La Medo,15,3.7,ET4
2590,Tepic-Mazatlán,Lo De La Medo-Tecualilla (Ent. Aut. Tepic-Villa Unión),15,179.6,C
2590,Tepic-Mazatlán,Tecualilla (Ent. Aut. Tepic-Villa Unión)-Ent. Rosario ,15,40.7,C
2590,Tepic-Mazatlán,Ent. Rosario-Villa Unión,15,42.7,C
2590,Tepic-Mazatlán,Villa Unión-Mazatlán,15,25.4,A4
2590-L,Libramiento Mazatlán,Libramiento Mazatlán,15,5.3,A4
2610,Tepic-Puerto Vallarta,Tepic-Puerto Vallarta,200,152.6,NA
2610,Tepic-Puerto Vallarta,Tepic-Cruz De Huanacaxtle,200,137,C
2610,Tepic-Puerto Vallarta,Cruz De Huanacaxtle-Puerto Vallarta,200,15.6,B4
2620,Texcoco-Ecatepec (San Bernardino-Gpe. Victoria),Texcoco-Ecatepec (San Bernardino-Gpe. Victoria),142,29.1,B4
2625,Teya-Felipe Carrillo Puerto,Teya-Felipe Carrillo Puerto,184,250,NA
2625,Teya-Felipe Carrillo Puerto,Teya-Ent. Peto,184,126,C
2625,Teya-Felipe Carrillo Puerto,Ent. Peto-Santa Rosa,184,24,A2
2625,Teya-Felipe Carrillo Puerto,Santa Rosa-Felipe Carrillo Puerto,184,100,D
2630,Teziutlán-Nautla ,Teziutlán-Nautla ,129,93,NA
2630,Teziutlán-Nautla ,Teziutlán – Tlapacoyan,129,32.5,C
2630,Teziutlán-Nautla ,Tlapacoyan-Nautla (Ent. Carr. Veracruz-Poza Rica),129,60.5,B2
2640,Teziutlan – Perote,Teziutlan – Perote,131,53.2,NA
2640,Teziutlan – Perote,Teziutlan – Altotonga,131,24,D
2640,Teziutlan – Perote,Altotonga – Perote,131,29.2,C
2642,Tierra Colorada-Cruz Grande,Tierra Colorada-Cruz Grande,198,115.1,D
2643,Tihuatlán-(T.C. Alazán-Canoas ) Km 0+000-57+100,Tihuatlán-(T.C. Alazán-Canoas ) Km 0+000-57+100,127,57.1,C
2650,Tijuana-Ensenada,Tijuana-Ensenada,1,109.2,NA
2650,Tijuana-Ensenada,Tijuana – Rosarito,1,26,B4
2650,Tijuana-Ensenada,Rosarito – San Miguel,1,69.2,D
2650,Tijuana-Ensenada,San Miguel-Ensenada,1,14,ET4
2660,Tijuana – San Miguel  (Directo),Tijuana – San Miguel  (Directo),1 D,90.3,ET4
2670,Tlaxcala-Belén,Tlaxcala-Belén,119,10.5,B4
2680,Toluca-Ent. Axixintla,Toluca-Ent. Axixintla,55,125.2,NA
2680,Toluca-Ent. Axixintla,Se Deroga,NA,NA,NA
2680,Toluca-Ent. Axixintla,Tenango De Arista -Ent. Axixintla,55,101.2,D
2690,Toluca – Ciudad Altamirano,Toluca – Ciudad Altamirano,134,210.3,NA
2690,Toluca – Ciudad Altamirano,Toluca - Temascaltepec,134,68.3,C
2690,Toluca – Ciudad Altamirano,Temascaltepec – Ciudad Altamirano,134,142,C
2700,Toluca-Morelia ,Toluca-Morelia ,15,246,NA
2700,Toluca-Morelia ,Se Deroga,NA,NA,NA
2700,Toluca-Morelia ,Ent. Valle De Bravo - Morelia,15,238,D
2710,Toluca-Palmillas,Toluca-Palmillas,55,131.5,NA
2710,Toluca-Palmillas,Se Deroga,NA,NA,NA
2710,Toluca-Palmillas,Atlacomulco-Palmillas,55,66.5,A4
2710-L,Libramiento Norte De La Ciudad De México (Cuota),Libramiento Norte De La Ciudad De México (Cuota),M40D,223,ET4
2715,Tulancingo-Tihuatlán (Directo),Tulancingo-Tihuatlán (Directo),132D,178.1,NA
2715,Tulancingo-Tihuatlán (Directo),Tulancingo-Tejocotal,132D,41.5,ET2
2715,Tulancingo-Tihuatlán (Directo),Tejocotal-Nuevo Necaxa,132D,32,ET2
2715,Tulancingo-Tihuatlán (Directo),Nueva Necaxa-Ávila Camacho,132D,36.6,ET4
2715,Tulancingo-Tihuatlán (Directo),Ávila Camacho-Cañada Rica,132D,68,ET2
2720,Tuxpan – Tampico,Tuxpan – Tampico,180,189.8,ET2
2730,Tuxtepec – Ent. Palomares,Tuxtepec – Ent. Palomares,147,175,C
2740,Tuxtepec-Oaxaca (Ent. Carr. Oaxaca-Tehuantepec),Tuxtepec-Oaxaca (Ent. Carr. Oaxaca-Tehuantepec),175,212.7,D
2750,Tuxtla Gutiérrez-Ciudad Cuauhtémoc,Tuxtla Gutiérrez-Ciudad Cuauhtémoc,190,307.6,NA
2750,Tuxtla Gutiérrez-Ciudad Cuauhtémoc,Tuxtla Gutiérrez – Chiapa De Corzo,190,15.3,B4
2750,Tuxtla Gutiérrez-Ciudad Cuauhtémoc,Chiapa De Corzo-San Cristóbal De Las Casas,190,62.3,C
2750,Tuxtla Gutiérrez-Ciudad Cuauhtémoc,San Cristóbal De Las Casas-Comitán,190,91,B2
2750,Tuxtla Gutiérrez-Ciudad Cuauhtémoc,Comitán-Trinitaria,190,19.4,B4
2750,Tuxtla Gutiérrez-Ciudad Cuauhtémoc,Trinitaria-Cd. Cuauhtémoc ,190,67.6,B2
2750-R,Ramal A La Angostura,Ramal A La Angostura,190,52,D
2755,Uruapan-Lázaro Cárdenas (Directo) Ent. (Autopista Pátzcuaro-Uruapan)-Lázaro Cárdenas.,Uruapan-Lázaro Cárdenas (Directo) Ent. (Autopista Pátzcuaro-Uruapan)-Lázaro Cárdenas.,37D,215.7,ET2
2760,Urracas – Ent. (Carr. Matamoros – Reynosa),Urracas – Ent. (Carr. Matamoros – Reynosa),97,115.1,A2
2770,Valladolid-Felipe Carrillo Puerto,Valladolid-Felipe Carrillo Puerto,295,147,C
2780,Valladolid-Río Lagartos,Valladolid-Río Lagartos,295,102.6,NA
2780,Valladolid-Río Lagartos,Valladolid-Tizimín,295,45.1,A2
2780,Valladolid-Río Lagartos,Tizimín-Río Lagartos,295,57.5,D
2790,Venta De Carpio-Teotihuacán,Venta De Carpio-Teotihuacán,132,20.7,B4
2800,Villahermosa-Ciudad Del Carmen,Villahermosa-Ciudad Del Carmen,180,163.2,NA
2800,Villahermosa-Ciudad Del Carmen,Villahermosa-Macultepec,180,21,ET4
2800,Villahermosa-Ciudad Del Carmen,Macultepec-Ciudad Del Carmen,180,142.2,ET2
2810,Villahermosa-Francisco Escárcega/Con Ramales A Nuevo Coahuila Y A Palizada,Villahermosa-Francisco Escárcega/Con Ramales A Nuevo Coahuila Y A Palizada,186,449.5,NA
2810,Villahermosa-Francisco Escárcega/Con Ramales A Nuevo Coahuila Y A Palizada,Villahermosa-Ent. Macuspana,186,45.8,ET4
2810,Villahermosa-Francisco Escárcega/Con Ramales A Nuevo Coahuila Y A Palizada,Ent. Macuspana-Francisco Escárcega,186,251.2,ET2
2810-R1,Ramal A Nuevo Coahuila,Ramal A Nuevo Coahuila,221,85.2,D
2810-R2,Ramal A Palizada,Ramal A Palizada,217,67.3,D
2820,Villahermosa-Escopetazo ,Villahermosa-Escopetazo ,195,259,NA
2820,Villahermosa-Escopetazo ,Villahermosa – Teapa,195,54.8,C
2820,Villahermosa-Escopetazo ,Teapa-Escopetazo,195,204.2,C
2830,Villalta-Tepeyanco,Villalta-Tepeyanco,117,23.9,C
2840,Xalapa-Veracruz,Xalapa-Veracruz,140,105.77,NA
2840,Xalapa-Veracruz,Xalapa-Corral Falso,140,17.4,C
2840,Xalapa-Veracruz,Corral Falso-Cerro Gordo,140,5.4,B4
2840,Xalapa-Veracruz,Cerro Gordo-La Bocana,140,15.4,B2
2840,Xalapa-Veracruz,La Bocana-Tamarindo,140,16.4,B4
2840,Xalapa-Veracruz,Tamarindo-Veracruz,140,51.17,B2
2850,Yucudaa-Pinotepa Nacional/Con Ramal A El Carrizal,Yucudaa-Pinotepa Nacional/Con Ramal A El Carrizal,125,315.7,NA
2850,Yucudaa-Pinotepa Nacional/Con Ramal A El Carrizal,Yucudaa-Pinotepa Nacional,125,268,D
2850-R,Ramal El Carrizal-San Miguel Tlacotepec,Ramal El Carrizal-San Miguel Tlacotepec,125,47.7,D
2855,Yerbanís-Gómez Palacio (Directo),Yerbanís-Gómez Palacio (Directo),40D,117,ET4
2860,Zacapalco-Rancho Viejo (Directo),Zacapalco-Rancho Viejo (Directo),95D,17.3,A2
2870,Zacatecas-Durango,Zacatecas-Durango,45,302.4,NA
2870,Zacatecas-Durango,Zacatecas-Víctor Rosales,45,21.3,ET4
2870,Zacatecas-Durango,Víctor Rosales-General Enrique Estrada,45,7.38,C
2870,Zacatecas-Durango,General Enrique Estrada-Ent. Libramiento Fresnillo (La Providencia),45,24.1,ET4
2870,Zacatecas-Durango,Paso Por Fresnillo,45,9.52,B4
2870,Zacatecas-Durango,Ent. Libramiento Fresnillo (San Isidro)- Ent. La Chicharrona,45,10.3,ET4
2870,Zacatecas-Durango,Ent. La Chicharrona-Durango,45,210.8,A2
2870-L1,Libramiento De Víctor Rosales (Directo),Libramiento De Víctor Rosales (Directo),45D,12.2,ET4
2870-L2,Libramiento Fresnillo (Directo),Libramiento Fresnillo (Directo),45D,19,ET4
2873,Zacatecas-Saltillo,Zacatecas-Saltillo,54,370.2,A4
2874,Zacatepec-Oriental,Zacatepec-Oriental,136,16,D
2875,Zamora-La Barca,Zamora-La Barca,35,55.9,NA
2875,Zamora-La Barca,Zamora-Briseñas,35,51,B2
2875,Zamora-La Barca,Briseñas-La Barca,35,4.9,B2
2877,Zapotlanejo-El Desperdicio (Directo),Zapotlanejo-El Desperdicio (Directo),80D,118.91,ET4
2880,Zapotlanejo-Guadalajara (Directo),Zapotlanejo-Guadalajara (Directo),80D,29.5,ET4
2890,Zihuatanejo-La Mira,Zihuatanejo-La Mira,200,137.1,NA
2890,Zihuatanejo-La Mira,Zihuatanejo-Ent. (Aut. Uruapan-Lázaro Cárdenas),200,68,B
2890,Zihuatanejo-La Mira,Ent. (Aut. Uruapan-Lázaro Cárdenas)-La Orilla,200,55.6,B
2890,Zihuatanejo-La Mira,La Orilla-La Mira,200,13.5,C
2900,Zitácuaro-Cd. Altamirano,Zitácuaro-Cd. Altamirano,51,227,D
